{"cameraMode":{"drawMode":0,"name":"Shaded","section":"Shading Mode"},"sceneLighting":false,"audioPlay":false,"sceneViewState":{"showFog":true,"showMaterialUpdate":false,"showSkybox":true,"showFlares":true,"showImageEffects":true,"showParticleSystems":true},"in2DMode":false,"pivot":{"x":2.213165283203125,"y":25.546875,"z":4.1328125},"rotation":{"x":0.46390438079833987,"y":0.0013288368936628104,"z":-0.0006958562298677862,"w":0.8858840465545654},"size":110.13125610351563,"orthographic":true}